"VARIABLE_NAME","VARIABLE_VALUE"
"INNODB_OPEN_FILES","2000"
"PERFORMANCE_SCHEMA","OFF"
"SQL_MODE","STRICT_TRANS_TABLES,ERROR_FOR_DIVISION_BY_ZERO,NO_AUTO_CREATE_USER,NO_ENGINE_SUBSTITUTION"
"PERFORMANCE_SCHEMA_EVENTS_WAITS_HISTORY_LONG_SIZE","-1"
"PLUGIN_DIR","/opt/hostedtoolcache/mariadb/10.2.44/x64/lib/plugin/"
"PERFORMANCE_SCHEMA_MAX_COND_CLASSES","80"
"CONCURRENT_INSERT","AUTO"
"PERFORMANCE_SCHEMA_MAX_COND_INSTANCES","-1"
"INNODB_FT_MAX_TOKEN_SIZE","84"
"PERFORMANCE_SCHEMA_MAX_RWLOCK_CLASSES","40"
"INNODB_FLUSH_LOG_AT_TIMEOUT","1"
"PERFORMANCE_SCHEMA_EVENTS_STATEMENTS_HISTORY_SIZE","-1"
"INNODB_ENCRYPT_TEMPORARY_TABLES","OFF"
"INNODB_FLUSH_SYNC","ON"
"WSREP_DESYNC","OFF"
"PERFORMANCE_SCHEMA_MAX_MUTEX_INSTANCES","-1"
"SLAVE_PARALLEL_WORKERS","0"
"PERFORMANCE_SCHEMA_MAX_RWLOCK_INSTANCES","-1"
"BASEDIR","/opt/hostedtoolcache/mariadb/10.2.44/x64/"
"PERFORMANCE_SCHEMA_MAX_MUTEX_CLASSES","200"
"INNODB_STATS_TRANSIENT_SAMPLE_PAGES","8"
"SLOW_LAUNCH_TIME","2"
"PERFORMANCE_SCHEMA_ACCOUNTS_SIZE","-1"
"HOSTNAME","fv-az488-264"
"CHARACTER_SET_RESULTS","latin1"
"INNODB_ADAPTIVE_HASH_INDEX_PARTS","8"
"SLAVE_LOAD_TMPDIR","/tmp/actions-setup-mysql-GERQj9/tmp"
"THREAD_POOL_OVERSUBSCRIBE","3"
"PERFORMANCE_SCHEMA_EVENTS_WAITS_HISTORY_SIZE","-1"
"INNODB_FT_AUX_TABLE",""
"PERFORMANCE_SCHEMA_EVENTS_STAGES_HISTORY_SIZE","-1"
"INNODB_FT_NUM_WORD_OPTIMIZE","2000"
"SQL_NOTES","ON"
"WSREP_DRUPAL_282555_WORKAROUND","OFF"
"PERFORMANCE_SCHEMA_MAX_STAGE_CLASSES","150"
"TMP_MEMORY_TABLE_SIZE","16777216"
"THREAD_POOL_SIZE","2"
"REPORT_HOST",""
"PERFORMANCE_SCHEMA_SETUP_OBJECTS_SIZE","100"
"INNODB_SORT_BUFFER_SIZE","1048576"
"SLAVE_TRANSACTION_RETRIES","10"
"INNODB_ROLLBACK_SEGMENTS","128"
"MAX_USER_CONNECTIONS","0"
"LARGE_FILES_SUPPORT","ON"
"PERFORMANCE_SCHEMA_EVENTS_STAGES_HISTORY_LONG_SIZE","-1"
"SLAVE_EXEC_MODE","STRICT"
"EXPLICIT_DEFAULTS_FOR_TIMESTAMP","OFF"
"WSREP_AUTO_INCREMENT_CONTROL","ON"
"GENERAL_LOG","OFF"
"INNODB_BACKGROUND_SCRUB_DATA_COMPRESSED","OFF"
"REPLICATE_DO_TABLE",""
"GROUP_CONCAT_MAX_LEN","1048576"
"BINLOG_STMT_CACHE_SIZE","32768"
"RANGE_ALLOC_BLOCK_SIZE","4096"
"COMPLETION_TYPE","NO_CHAIN"
"KEY_CACHE_DIVISION_LIMIT","100"
"PERFORMANCE_SCHEMA_MAX_THREAD_INSTANCES","-1"
"INNODB_TMPDIR",""
"CHARACTER_SET_CONNECTION","latin1"
"INNODB_ENCRYPTION_THREADS","0"
"BINLOG_DIRECT_NON_TRANSACTIONAL_UPDATES","OFF"
"MYISAM_RECOVER_OPTIONS","BACKUP,QUICK"
"MULTI_RANGE_COUNT","256"
"HAVE_GEOMETRY","YES"
"EVENT_SCHEDULER","OFF"
"LOW_PRIORITY_UPDATES","OFF"
"DELAYED_QUEUE_SIZE","1000"
"REPORT_PASSWORD",""
"FT_MAX_WORD_LEN","84"
"WSREP_DBUG_OPTION",""
"AUTOMATIC_SP_PRIVILEGES","ON"
"SQL_BIG_SELECTS","ON"
"SLAVE_PARALLEL_THREADS","0"
"TRANSACTION_ALLOC_BLOCK_SIZE","8192"
"QUERY_CACHE_LIMIT","1048576"
"INNODB_FLUSHING_AVG_LOOPS","30"
"LOG_BIN_COMPRESS_MIN_LEN","256"
"SYNC_FRM","ON"
"PERFORMANCE_SCHEMA_DIGESTS_SIZE","-1"
"INNODB_USE_TRIM","ON"
"FT_QUERY_EXPANSION_LIMIT","20"
"ARIA_PAGE_CHECKSUM","ON"
"DELAY_KEY_WRITE","ON"
"INNODB_IO_CAPACITY_MAX","2000"
"LOWER_CASE_TABLE_NAMES","0"
"INNODB_IO_CAPACITY","200"
"INNODB_FT_CACHE_SIZE","8000000"
"WSREP_CLUSTER_ADDRESS",""
"INNODB_FT_SORT_PLL_DEGREE","2"
"INNODB_MONITOR_ENABLE",""
"KEY_CACHE_FILE_HASH_SIZE","512"
"MAX_WRITE_LOCK_COUNT","4294967295"
"MAX_RECURSIVE_ITERATIONS","4294967295"
"INNODB_COMPRESSION_DEFAULT","OFF"
"AUTO_INCREMENT_OFFSET","1"
"INNODB_AUTOEXTEND_INCREMENT","64"
"LOG_QUERIES_NOT_USING_INDEXES","OFF"
"MYISAM_DATA_POINTER_SIZE","6"
"JOIN_BUFFER_SIZE","262144"
"INNODB_MONITOR_DISABLE",""
"CONNECT_TIMEOUT","10"
"SQL_AUTO_IS_NULL","OFF"
"LC_MESSAGES_DIR","/opt/hostedtoolcache/mariadb/10.2.44/x64/share"
"ARIA_USED_FOR_TEMP_TABLES","ON"
"INNODB_DEFRAGMENT","OFF"
"HAVE_SSL","YES"
"LARGE_PAGES","OFF"
"WSREP_RETRY_AUTOCOMMIT","1"
"WSREP_SLAVE_UK_CHECKS","OFF"
"INNODB_STATUS_OUTPUT_LOCKS","OFF"
"INNODB_VERSION","5.7.38"
"QUERY_PREALLOC_SIZE","24576"
"MAX_CONNECT_ERRORS","100"
"SORT_BUFFER_SIZE","2097152"
"CHARACTER_SETS_DIR","/opt/hostedtoolcache/mariadb/10.2.44/x64/share/charsets/"
"INNODB_ROLLBACK_ON_TIMEOUT","OFF"
"LOCK_WAIT_TIMEOUT","86400"
"STANDARD_COMPLIANT_CTE","ON"
"MAX_CONNECTIONS","151"
"ARIA_REPAIR_THREADS","1"
"IGNORE_BUILTIN_INNODB","OFF"
"INNODB_SAFE_TRUNCATE","ON"
"NET_RETRY_COUNT","10"
"INNODB_FILE_FORMAT","Barracuda"
"INNODB_BUFFER_POOL_LOAD_ABORT","OFF"
"PROGRESS_REPORT_TIME","5"
"RELAY_LOG_RECOVERY","OFF"
"REPLICATE_WILD_DO_TABLE",""
"CHARACTER_SET_CLIENT","latin1"
"RELAY_LOG_BASENAME",""
"SESSION_TRACK_STATE_CHANGE","OFF"
"READ_ONLY","OFF"
"CHARACTER_SET_FILESYSTEM","binary"
"PERFORMANCE_SCHEMA_MAX_DIGEST_LENGTH","1024"
"INNODB_ADAPTIVE_MAX_SLEEP_DELAY","150000"
"INNODB_DEFRAGMENT_FILL_FACTOR_N_RECS","20"
"REPLICATE_IGNORE_TABLE",""
"MAX_BINLOG_CACHE_SIZE","18446744073709547520"
"WSREP_DIRTY_READS","OFF"
"PERFORMANCE_SCHEMA_MAX_THREAD_CLASSES","50"
"INNODB_STRICT_MODE","ON"
"PERFORMANCE_SCHEMA_MAX_STATEMENT_CLASSES","188"
"GTID_BINLOG_POS",""
"LOWER_CASE_FILE_SYSTEM","OFF"
"WSREP_REJECT_QUERIES","NONE"
"MAX_LONG_DATA_SIZE","16777216"
"PERFORMANCE_SCHEMA_USERS_SIZE","-1"
"INNODB_RANDOM_READ_AHEAD","OFF"
"LOG_SLOW_VERBOSITY",""
"DATADIR","/tmp/actions-setup-mysql-GERQj9/var/"
"THREAD_POOL_IDLE_TIMEOUT","60"
"CORE_FILE","OFF"
"INNODB_LOCK_SCHEDULE_ALGORITHM","fcfs"
"INIT_FILE",""
"EXTRA_MAX_CONNECTIONS","1"
"AUTO_INCREMENT_INCREMENT","1"
"TABLE_OPEN_CACHE_INSTANCES","8"
"HAVE_PROFILING","YES"
"RELAY_LOG_INFO_FILE","relay-log.info"
"LONG_QUERY_TIME","10.000000"
"INNODB_AUTOINC_LOCK_MODE","1"
"BULK_INSERT_BUFFER_SIZE","8388608"
"LC_MESSAGES","en_US"
"OPTIMIZER_USE_CONDITION_SELECTIVITY","1"
"INNODB_MAX_PURGE_LAG_WAIT","4294967295"
"OLD_ALTER_TABLE","OFF"
"INNODB_BUFFER_POOL_FILENAME","ib_buffer_pool"
"MAX_LENGTH_FOR_SORT_DATA","1024"
"INNODB_MAX_PURGE_LAG_DELAY","0"
"FLUSH","OFF"
"INNODB_BUFFER_POOL_DUMP_NOW","OFF"
"MAX_SORT_LENGTH","1024"
"INNODB_BACKGROUND_SCRUB_DATA_INTERVAL","604800"
"WSREP_MAX_WS_SIZE","2147483647"
"INNODB_STATUS_OUTPUT","OFF"
"INNODB_SHOW_LOCKS_HELD","0"
"RELAY_LOG_SPACE_LIMIT","0"
"INNODB_ADAPTIVE_HASH_INDEX","ON"
"LOG_WARNINGS","2"
"INNODB_ENCRYPT_LOG","OFF"
"MAX_BINLOG_SIZE","1073741824"
"INNODB_FAST_SHUTDOWN","1"
"MAX_HEAP_TABLE_SIZE","16777216"
"STORED_PROGRAM_CACHE","256"
"OLD_PASSWORDS","OFF"
"SSL_CRL",""
"FLUSH_TIME","0"
"INNODB_MTFLUSH_THREADS","8"
"INNODB_MAX_CHANGED_PAGES","0"
"MAX_SESSION_MEM_USED","9223372036854775807"
"OPTIMIZER_PRUNE_LEVEL","1"
"WSREP_DATA_HOME_DIR","/tmp/actions-setup-mysql-GERQj9/var/"
"INNODB_FAKE_CHANGES","OFF"
"INNODB_LOG_COMPRESSED_PAGES","ON"
"MAX_DIGEST_LENGTH","1024"
"INNODB_DISABLE_SORT_FILE_CACHE","OFF"
"INNODB_ENCRYPTION_ROTATION_IOPS","100"
"PERFORMANCE_SCHEMA_SESSION_CONNECT_ATTRS_SIZE","-1"
"HAVE_DYNAMIC_LOADING","YES"
"PERFORMANCE_SCHEMA_SETUP_ACTORS_SIZE","100"
"WSREP_SST_METHOD","rsync"
"LOG_SLOW_ADMIN_STATEMENTS","ON"
"INNODB_PRINT_ALL_DEADLOCKS","OFF"
"DEFAULT_STORAGE_ENGINE","InnoDB"
"INNODB_STATS_TRADITIONAL","ON"
"METADATA_LOCKS_HASH_INSTANCES","8"
"OLD","OFF"
"LOG_BIN_COMPRESS","OFF"
"INNODB_MAX_DIRTY_PAGES_PCT","75.000000"
"MAX_STATEMENT_TIME","0.000000"
"BINLOG_COMMIT_WAIT_USEC","100000"
"VERSION_SSL_LIBRARY","OpenSSL 1.1.1v  1 Aug 2023"
"KEY_BUFFER_SIZE","134217728"
"SKIP_NAME_RESOLVE","OFF"
"INNODB_USE_FALLOCATE","OFF"
"PID_FILE","/tmp/actions-setup-mysql-GERQj9/tmp/mysqld.pid"
"READ_BUFFER_SIZE","131072"
"SYNC_RELAY_LOG","10000"
"MIN_EXAMINED_ROW_LIMIT","0"
"INNODB_DEFAULT_ENCRYPTION_KEY_ID","1"
"TMPDIR","/tmp/actions-setup-mysql-GERQj9/tmp"
"INNODB_MAX_UNDO_LOG_SIZE","10485760"
"PERFORMANCE_SCHEMA_MAX_FILE_INSTANCES","-1"
"SKIP_EXTERNAL_LOCKING","ON"
"BINLOG_ROW_IMAGE","FULL"
"SLAVE_NET_TIMEOUT","60"
"THREAD_POOL_MAX_THREADS","65536"
"INNODB_STATS_SAMPLE_PAGES","8"
"INNODB_TABLE_LOCKS","ON"
"THREAD_POOL_PRIORITY","auto"
"TX_ISOLATION","REPEATABLE-READ"
"LICENSE","GPL"
"SSL_CAPATH",""
"INNODB_ADAPTIVE_FLUSHING_LWM","10.000000"
"VERSION_COMMENT","shogo82148/actions-setup-mysql@v1.23.0"
"INNODB_DEFRAGMENT_FREQUENCY","40"
"TABLE_OPEN_CACHE","2000"
"SQL_WARNINGS","OFF"
"GTID_DOMAIN_ID","0"
"STRICT_PASSWORD_VALIDATION","ON"
"BINLOG_COMMIT_WAIT_COUNT","0"
"INNODB_SCHED_PRIORITY_CLEANER","0"
"INNODB_TRACK_REDO_LOG_NOW","OFF"
"INNODB_LOG_OPTIMIZE_DDL","OFF"
"THREAD_POOL_STALL_LIMIT","500"
"PERFORMANCE_SCHEMA_MAX_FILE_CLASSES","50"
"PERFORMANCE_SCHEMA_MAX_SOCKET_INSTANCES","-1"
"TIMED_MUTEXES","OFF"
"TX_READ_ONLY","OFF"
"ARIA_CHECKPOINT_INTERVAL","30"
"PERFORMANCE_SCHEMA_MAX_SOCKET_CLASSES","10"
"INNODB_UNDO_LOGS","128"
"GTID_CURRENT_POS",""
"PORT","3306"
"MYISAM_REPAIR_THREADS","1"
"SQL_SLAVE_SKIP_COUNTER","0"
"VERSION_COMPILE_MACHINE","x86_64"
"LOG_BIN_TRUST_FUNCTION_CREATORS","OFF"
"CHECK_CONSTRAINT_CHECKS","ON"
"ARIA_FORCE_START_AFTER_RECOVERY_FAILURES","0"
"INIT_CONNECT",""
"MYISAM_BLOCK_SIZE","1024"
"QUERY_ALLOC_BLOCK_SIZE","16384"
"MAX_BINLOG_STMT_CACHE_SIZE","18446744073709547520"
"CHARACTER_SET_SYSTEM","utf8"
"INNODB_BUFFER_POOL_POPULATE","OFF"
"TMP_TABLE_SIZE","16777216"
"INNODB_SPIN_WAIT_DELAY","4"
"THREAD_HANDLING","one-thread-per-connection"
"INNODB_ADAPTIVE_HASH_INDEX_PARTITIONS","8"
"QUERY_CACHE_TYPE","OFF"
"INNODB_DEFRAGMENT_STATS_ACCURACY","0"
"VERSION_MALLOC_LIBRARY","system"
"INNODB_LOCK_WAIT_TIMEOUT","50"
"GTID_SLAVE_POS",""
"INNODB_OLD_BLOCKS_TIME","1000"
"MAX_SP_RECURSION_DEPTH","0"
"QUERY_CACHE_SIZE","1048576"
"REPORT_PORT","3306"
"SQL_LOG_BIN","ON"
"LOG_TC_SIZE","24576"
"INNODB_COMPRESSION_FAILURE_THRESHOLD_PCT","5"
"INNODB_LOG_FILES_IN_GROUP","2"
"LOCKED_IN_MEMORY","OFF"
"MAX_INSERT_DELAYED_THREADS","20"
"INNODB_LOCKING_FAKE_CHANGES","OFF"
"BINLOG_FORMAT","MIXED"
"INNODB_DISALLOW_WRITES","OFF"
"REPLICATE_ANNOTATE_ROW_EVENTS","ON"
"INNODB_PREFIX_INDEX_CLUSTER_OPTIMIZATION","OFF"
"KEEP_FILES_ON_CREATE","OFF"
"SECURE_FILE_PRIV",""
"FT_BOOLEAN_SYNTAX","+ -><()~*:""&|"
"SLAVE_SKIP_ERRORS","OFF"
"SLAVE_DDL_EXEC_MODE","IDEMPOTENT"
"INNODB_BUFFER_POOL_DUMP_PCT","25"
"CHARACTER_SET_DATABASE","latin1"
"INNODB_ENCRYPT_TABLES","OFF"
"DATE_FORMAT","%Y-%m-%d"
"COLLATION_DATABASE","latin1_swedish_ci"
"INNODB_USE_STACKTRACE","OFF"
"INNODB_LOG_BUFFER_SIZE","16777216"
"SLAVE_COMPRESSED_PROTOCOL","OFF"
"HOST_CACHE_SIZE","279"
"WSREP_NODE_NAME","fv-az488-264"
"INNODB_MAX_PURGE_LAG","0"
"PERFORMANCE_SCHEMA_HOSTS_SIZE","-1"
"MYISAM_MAX_SORT_FILE_SIZE","9223372036853727232"
"SLAVE_RUN_TRIGGERS_FOR_RBR","NO"
"INNODB_LOG_ARCH_EXPIRE_SEC","0"
"WSREP_GTID_MODE","OFF"
"WSREP_LOG_CONFLICTS","OFF"
"INNODB_PAGE_CLEANERS","1"
"OLD_MODE",""
"SLOW_QUERY_LOG","OFF"
"DEFAULT_REGEX_FLAGS",""
"LOG_SLOW_SLAVE_STATEMENTS","ON"
"HISTOGRAM_TYPE","SINGLE_PREC_HB"
"MAX_RELAY_LOG_SIZE","1073741824"
"HAVE_COMPRESS","YES"
"OPEN_FILES_LIMIT","32184"
"ARIA_RECOVER_OPTIONS","BACKUP,QUICK"
"COLLATION_CONNECTION","latin1_swedish_ci"
"THREAD_CACHE_SIZE","151"
"TIME_FORMAT","%H:%i:%s"
"ARIA_PAGECACHE_AGE_THRESHOLD","300"
"PROTOCOL_VERSION","10"
"INNODB_STATS_PERSISTENT","ON"
"SLAVE_MAX_ALLOWED_PACKET","1073741824"
"DEFAULT_WEEK_FORMAT","0"
"RELAY_LOG",""
"ARIA_PAGECACHE_FILE_HASH_SIZE","512"
"INNODB_LOG_ARCHIVE","OFF"
"INNODB_DEFAULT_ROW_FORMAT","dynamic"
"WSREP_DEBUG","OFF"
"INNODB_USE_NATIVE_AIO","OFF"
"INNODB_STATS_INCLUDE_DELETE_MARKED","OFF"
"SYNC_BINLOG","0"
"TMP_DISK_TABLE_SIZE","18446744073709551615"
"INNODB_LOG_CHECKSUM_ALGORITHM","DEPRECATED"
"HAVE_CRYPT","YES"
"INNODB_TRACK_CHANGED_PAGES","OFF"
"WSREP_SLAVE_THREADS","1"
"DEADLOCK_SEARCH_DEPTH_SHORT","4"
"HAVE_OPENSSL","YES"
"INNODB_FT_MIN_TOKEN_SIZE","3"
"WSREP_ON","OFF"
"INNODB_FT_USER_STOPWORD_TABLE",""
"WAIT_TIMEOUT","28800"
"SERVER_ID","1"
"DEFAULT_TMP_STORAGE_ENGINE",""
"ARIA_MAX_SORT_FILE_SIZE","9223372036853727232"
"SSL_CA","/tmp/actions-setup-mysql-GERQj9/var/ca.pem"
"INNODB_TEMP_DATA_FILE_PATH","ibtmp1:12M:autoextend"
"WSREP_SST_DONOR_REJECTS_QUERIES","OFF"
"INNODB_SCRUB_LOG_SPEED","256"
"RELAY_LOG_INDEX",""
"ARIA_SYNC_LOG_DIR","NEWFILE"
"GTID_IGNORE_DUPLICATES","OFF"
"INNODB_FT_ENABLE_STOPWORD","ON"
"WSREP_NOTIFY_CMD",""
"INNODB_BACKGROUND_SCRUB_DATA_CHECK_INTERVAL","3600"
"WSREP_MAX_WS_ROWS","0"
"ARIA_GROUP_COMMIT_INTERVAL","0"
"MAX_DELAYED_THREADS","20"
"PROFILING_HISTORY_SIZE","15"
"INNODB_DEFRAGMENT_FILL_FACTOR","0.900000"
"INNODB_CHANGE_BUFFERING","all"
"LOG_BIN_INDEX",""
"INNODB_STATS_MODIFIED_COUNTER","0"
"NET_READ_TIMEOUT","30"
"BINLOG_OPTIMIZE_THREAD_SCHEDULING","ON"
"LOG_BIN_BASENAME",""
"ENCRYPT_BINLOG","OFF"
"MAX_JOIN_SIZE","18446744073709551615"
"INNODB_USE_MTFLUSH","OFF"
"ENCRYPT_TMP_DISK_TABLES","OFF"
"ARIA_STATS_METHOD","nulls_unequal"
"SLAVE_PARALLEL_MAX_QUEUED","131072"
"WSREP_NODE_INCOMING_ADDRESS","AUTO"
"WSREP_PATCH_VERSION","wsrep_25.24"
"INNODB_COMPRESSION_ALGORITHM","zlib"
"REPLICATE_IGNORE_DB",""
"PLUGIN_MATURITY","unknown"
"WSREP_START_POSITION","00000000-0000-0000-0000-000000000000:-1"
"INNODB_PURGE_THREADS","4"
"SOCKET","/tmp/actions-setup-mysql-GERQj9/tmp/mysql.sock"
"PROFILING","OFF"
"INNODB_CHANGE_BUFFER_MAX_SIZE","25"
"ARIA_PAGECACHE_BUFFER_SIZE","134217728"
"SYNC_RELAY_LOG_INFO","10000"
"EXPENSIVE_SUBQUERY_LIMIT","100"
"INNODB_BUFFER_POOL_DUMP_AT_SHUTDOWN","ON"
"INNODB_CORRUPT_TABLE_ACTION","deprecated"
"SSL_CRLPATH",""
"JOIN_CACHE_LEVEL","2"
"DEADLOCK_SEARCH_DEPTH_LONG","15"
"WSREP_RESTART_SLAVE","OFF"
"MRR_BUFFER_SIZE","262144"
"INNODB_FORCE_RECOVERY","0"
"INNODB_MAX_DIRTY_PAGES_PCT_LWM","0.000000"
"THREAD_CONCURRENCY","10"
"KEY_CACHE_AGE_THRESHOLD","300"
"WSREP_MYSQL_REPLICATION_BUNDLE","0"
"FOREIGN_KEY_CHECKS","ON"
"PERFORMANCE_SCHEMA_MAX_TABLE_INSTANCES","-1"
"ARIA_LOG_PURGE_TYPE","immediate"
"LC_TIME_NAMES","en_US"
"INNODB_STATS_AUTO_RECALC","ON"
"WSREP_LOAD_DATA_SPLITTING","ON"
"INNODB_COMMIT_CONCURRENCY","0"
"COLLATION_SERVER","latin1_swedish_ci"
"INNODB_MIRRORED_LOG_GROUPS","0"
"SKIP_NETWORKING","OFF"
"INNODB_FATAL_SEMAPHORE_WAIT_THRESHOLD","600"
"UNIQUE_CHECKS","ON"
"INNODB_IDLE_FLUSH_PCT","100"
"WSREP_CONVERT_LOCK_TO_TRX","OFF"
"INNODB_SUPPORT_XA","ON"
"WSREP_SST_RECEIVE_ADDRESS","AUTO"
"SESSION_TRACK_TRANSACTION_INFO","OFF"
"MYISAM_MMAP_SIZE","18446744073709551615"
"INNODB_FILL_FACTOR","100"
"INNODB_ADAPTIVE_FLUSHING","ON"
"SECURE_AUTH","ON"
"INNODB_FILE_PER_TABLE","ON"
"EXTRA_PORT","0"
"BIG_TABLES","OFF"
"ARIA_BLOCK_SIZE","8192"
"ROWID_MERGE_BUFF_SIZE","8388608"
"THREAD_POOL_PRIO_KICKUP_TIMER","1000"
"WSREP_CAUSAL_READS","OFF"
"INNODB_DATA_HOME_DIR",""
"INNODB_READ_IO_THREADS","4"
"SLAVE_TYPE_CONVERSIONS",""
"INNODB_SHOW_VERBOSE_LOCKS","0"
"PRELOAD_BUFFER_SIZE","32768"
"INNODB_BUFFER_POOL_INSTANCES","1"
"KEY_CACHE_BLOCK_SIZE","1024"
"INNODB_UNDO_DIRECTORY","./"
"MAX_TMP_TABLES","32"
"WSREP_PROVIDER","none"
"REPLICATE_DO_DB",""
"INNODB_FT_RESULT_CACHE_LIMIT","2000000000"
"SQL_LOG_OFF","OFF"
"WSREP_SYNC_WAIT","0"
"INNODB_BUFFER_POOL_CHUNK_SIZE","134217728"
"WSREP_SLAVE_FK_CHECKS","ON"
"INTERACTIVE_TIMEOUT","28800"
"INNODB_CLEANER_LSN_AGE_FACTOR","DEPRECATED"
"WSREP_CERTIFY_NONPK","ON"
"BINLOG_ANNOTATE_ROW_EVENTS","ON"
"SLAVE_SQL_VERIFY_CHECKSUM","ON"
"INNODB_FILE_FORMAT_CHECK","ON"
"FT_STOPWORD_FILE","(built-in)"
"INNODB_READ_AHEAD_THRESHOLD","56"
"TABLE_DEFINITION_CACHE","400"
"INNODB_READ_ONLY","OFF"
"MYISAM_STATS_METHOD","NULLS_UNEQUAL"
"INNODB_IMMEDIATE_SCRUB_DATA_UNCOMPRESSED","OFF"
"INNODB_COMPRESSION_LEVEL","6"
"INNODB_MONITOR_RESET_ALL",""
"SLOW_QUERY_LOG_FILE","fv-az488-264-slow.log"
"INNODB_OPTIMIZE_FULLTEXT_ONLY","OFF"
"MAX_ERROR_COUNT","64"
"INNODB_STATS_METHOD","nulls_equal"
"FT_MIN_WORD_LEN","4"
"SSL_CIPHER",""
"WSREP_FORCED_BINLOG_FORMAT","NONE"
"LOG_SLOW_RATE_LIMIT","1"
"MASTER_VERIFY_CHECKSUM","OFF"
"ARIA_SORT_BUFFER_SIZE","268434432"
"INNODB_FLUSH_METHOD",""
"ARIA_GROUP_COMMIT","none"
"OPTIMIZER_SWITCH","index_merge=on,index_merge_union=on,index_merge_sort_union=on,index_merge_intersection=on,index_merge_sort_intersection=off,engine_condition_pushdown=off,index_condition_pushdown=on,derived_merge=on,derived_with_keys=on,firstmatch=on,loosescan=on,materialization=on,in_to_exists=on,semijoin=on,partial_match_rowid_merge=on,partial_match_table_scan=on,subquery_cache=on,mrr=off,mrr_cost_based=off,mrr_sort_keys=off,outer_join_with_cache=on,semijoin_with_cache=on,join_cache_incremental=on,join_cache_hashed=on,join_cache_bka=on,optimize_join_buffer_size=off,table_elimination=on,extended_keys=on,exists_to_in=on,orderby_uses_equalities=on,condition_pushdown_for_derived=on"
"INNODB_BUFFER_POOL_SIZE","134217728"
"WSREP_SST_AUTH",""
"LOCAL_INFILE","ON"
"STORAGE_ENGINE","InnoDB"
"INNODB_BUFFER_POOL_LOAD_NOW","OFF"
"INNODB_LOCKS_UNSAFE_FOR_BINLOG","OFF"
"IGNORE_DB_DIRS",""
"SQL_SAFE_UPDATES","OFF"
"BINLOG_CHECKSUM","CRC32"
"EXPIRE_LOGS_DAYS","0"
"INNODB_PAGE_SIZE","16384"
"MYISAM_USE_MMAP","OFF"
"ARIA_ENCRYPT_TABLES","OFF"
"INNODB_BUFFER_POOL_LOAD_AT_STARTUP","ON"
"PERFORMANCE_SCHEMA_EVENTS_STATEMENTS_HISTORY_LONG_SIZE","-1"
"VERSION","10.2.44-MariaDB"
"DELAYED_INSERT_LIMIT","100"
"CHARACTER_SET_SERVER","latin1"
"ARIA_CHECKPOINT_LOG_ACTIVITY","1048576"
"LOG_SLAVE_UPDATES","OFF"
"INNODB_FLUSH_LOG_AT_TRX_COMMIT","1"
"DEADLOCK_TIMEOUT_LONG","50000000"
"WSREP_PROVIDER_OPTIONS",""
"SYSTEM_TIME_ZONE","UTC"
"MAX_PREPARED_STMT_COUNT","16382"
"DEBUG_NO_THREAD_ALARM","OFF"
"WSREP_SST_DONOR",""
"SYNC_MASTER_INFO","10000"
"INNODB_COMPRESSION_PAD_PCT_MAX","50"
"INNODB_LOG_CHECKSUMS","ON"
"INNODB_DEADLOCK_DETECT","ON"
"INNODB_STATS_ON_METADATA","OFF"
"READ_BINLOG_SPEED_LIMIT","0"
"INNODB_FT_SERVER_STOPWORD_TABLE",""
"GENERAL_LOG_FILE","fv-az488-264.log"
"DELAYED_INSERT_TIMEOUT","300"
"INNODB_LOG_GROUP_HOME_DIR","./"
"KEY_CACHE_SEGMENTS","0"
"INNODB_LARGE_PREFIX","ON"
"INNODB_CMP_PER_INDEX_ENABLED","OFF"
"INNODB_DEFRAGMENT_N_PAGES","7"
"INNODB_ONLINE_ALTER_LOG_MAX_SIZE","134217728"
"LOG_SLOW_FILTER","admin,filesort,filesort_on_disk,full_join,full_scan,query_cache,query_cache_miss,tmp_table,tmp_table_on_disk"
"UPDATABLE_VIEWS_WITH_LIMIT","YES"
"INNODB_SCRUB_LOG","OFF"
"INNODB_DATA_FILE_PATH","ibdata1:12M:autoextend"
"SSL_KEY","/tmp/actions-setup-mysql-GERQj9/var/server-key.pem"
"QUERY_CACHE_WLOCK_INVALIDATE","OFF"
"WSREP_REPLICATE_MYISAM","OFF"
"HAVE_QUERY_CACHE","YES"
"SQL_QUOTE_SHOW_CREATE","ON"
"NET_BUFFER_LENGTH","16384"
"WSREP_NODE_ADDRESS",""
"LOG_OUTPUT","FILE"
"WSREP_CERTIFICATION_RULES","strict"
"INNODB_LOG_WRITE_AHEAD_SIZE","8192"
"PERFORMANCE_SCHEMA_MAX_TABLE_HANDLES","-1"
"JOIN_BUFFER_SPACE_LIMIT","2097152"
"ENCRYPT_TMP_FILES","OFF"
"INNODB_LOG_FILE_SIZE","50331648"
"THREAD_STACK","299008"
"MYISAM_SORT_BUFFER_SIZE","134216704"
"INNODB_CHECKSUM_ALGORITHM","crc32"
"INNODB_OLD_BLOCKS_PCT","37"
"HAVE_RTREE_KEYS","YES"
"LOG_BIN","OFF"
"MYSQL56_TEMPORAL_FORMAT","ON"
"REPLICATE_WILD_IGNORE_TABLE",""
"METADATA_LOCKS_CACHE_SIZE","1024"
"SLAVE_PARALLEL_MODE","conservative"
"DEADLOCK_TIMEOUT_SHORT","10000"
"SKIP_SHOW_DATABASE","OFF"
"WSREP_CLUSTER_NAME","my_wsrep_cluster"
"AUTOCOMMIT","ON"
"REPORT_USER",""
"EQ_RANGE_INDEX_DIVE_LIMIT","0"
"INNODB_FORCE_LOAD_CORRUPTED","OFF"
"MAX_ALLOWED_PACKET","16777216"
"TIME_ZONE","SYSTEM"
"INNODB_CHECKSUMS","ON"
"USERSTAT","OFF"
"TRANSACTION_PREALLOC_SIZE","4096"
"SESSION_TRACK_SYSTEM_VARIABLES",""
"VERSION_COMPILE_OS","Linux"
"INNODB_PURGE_BATCH_SIZE","300"
"LOG_ERROR",""
"INNODB_FORCE_PRIMARY_KEY","OFF"
"HISTOGRAM_SIZE","0"
"NET_WRITE_TIMEOUT","60"
"SQL_SELECT_LIMIT","18446744073709551615"
"RELAY_LOG_PURGE","ON"
"INIT_SLAVE",""
"INNODB_FT_TOTAL_CACHE_SIZE","640000000"
"REPLICATE_EVENTS_MARKED_FOR_SKIP","REPLICATE"
"GTID_STRICT_MODE","OFF"
"USE_STAT_TABLES","NEVER"
"SESSION_TRACK_SCHEMA","ON"
"WSREP_OSU_METHOD","TOI"
"OPTIMIZER_SELECTIVITY_SAMPLING_LIMIT","100"
"INNODB_PURGE_RSEG_TRUNCATE_FREQUENCY","128"
"BACK_LOG","80"
"INNODB_SYNC_SPIN_LOOPS","30"
"INNODB_STATS_PERSISTENT_SAMPLE_PAGES","20"
"INNODB_LOG_ARCH_DIR",""
"SLAVE_DOMAIN_PARALLEL_THREADS","0"
"INNODB_FILE_FORMAT_MAX","Barracuda"
"ENFORCE_STORAGE_ENGINE",""
"INNODB_ENCRYPTION_ROTATE_KEY_AGE","1"
"INNODB_FT_ENABLE_DIAG_PRINT","OFF"
"INNODB_BUF_DUMP_STATUS_FREQUENCY","0"
"HAVE_SYMLINK","YES"
"WSREP_GTID_DOMAIN_ID","0"
"INNODB_MONITOR_RESET",""
"BINLOG_CACHE_SIZE","32768"
"ARIA_PAGECACHE_DIVISION_LIMIT","100"
"INNODB_SYNC_ARRAY_SIZE","1"
"INNODB_LRU_SCAN_DEPTH","1024"
"INNODB_THREAD_CONCURRENCY","0"
"INNODB_UNDO_TABLESPACES","0"
"INNODB_WRITE_IO_THREADS","4"
"INNODB_THREAD_SLEEP_DELAY","10000"
"INNODB_CONCURRENCY_TICKETS","5000"
"WSREP_RECOVER","OFF"
"INNODB_UNDO_LOG_TRUNCATE","OFF"
"INNODB_MAX_BITMAP_FILE_SIZE","0"
"INNODB_EMPTY_FREE_LIST_ALGORITHM","DEPRECATED"
"INNODB_FOREGROUND_PREFLUSH","DEPRECATED"
"INNODB_INSTRUMENT_SEMAPHORES","OFF"
"MAX_SEEKS_FOR_KEY","4294967295"
"DIV_PRECISION_INCREMENT","4"
"INNODB_REPLICATION_DELAY","0"
"DATETIME_FORMAT","%Y-%m-%d %H:%i:%s"
"QUERY_CACHE_MIN_RES_UNIT","4096"
"INNODB_BACKGROUND_SCRUB_DATA_UNCOMPRESSED","OFF"
"GTID_BINLOG_STATE",""
"QUERY_CACHE_STRIP_COMMENTS","OFF"
"INNODB_KILL_IDLE_TRANSACTION","0"
"SQL_BUFFER_RESULT","OFF"
"INNODB_USE_GLOBAL_FLUSH_LOG_AT_TRX_COMMIT","OFF"
"INNODB_DOUBLEWRITE","ON"
"LARGE_PAGE_SIZE","0"
"INNODB_FLUSH_NEIGHBORS","1"
"READ_RND_BUFFER_SIZE","262144"
"INNODB_USE_ATOMIC_WRITES","ON"
"INNODB_LOG_BLOCK_SIZE","0"
"ARIA_LOG_FILE_SIZE","1073741824"
"SSL_CERT","/tmp/actions-setup-mysql-GERQj9/var/server-cert.pem"
"OPTIMIZER_SEARCH_DEPTH","62"
"PERFORMANCE_SCHEMA_MAX_FILE_HANDLES","32768"
